Nombre,Comestibilidad,Caracteristicas
Agaricus xanthodermus,venenosa,"Champiñón de olor a fenol. Sombrero blanco 8-15 cm que amarillea al corte en la base del pie. Causa trastornos gastrointestinales. Confundible con Agaricus campestris y A. bisporus. Diferenciable por el olor químico desagradable."
Amanita amerirubescens,comestible,"Amanita americana similar a A. rubescens. Sombrero grisáceo-parduzco con verrugas grisáceas, 6-15 cm. Carne enrojece al corte. Comestible bien cocida; tóxica en crudo. Habita bajo frondosas y coníferas norteamericanas."
Amanita augusta,comestible,"Especie norteamericana de gran tamaño, sombrero amarillo-dorado con verrugas blanquecinas, 10-25 cm. Volva bien desarrollada. Comestible apreciada en el oeste de Norteamérica. Requiere cocción completa."
Amanita brunnescens,no comestible,"Amanita parda norteamericana. Sombrero marrón oscuro, 5-12 cm, con volva partida en lóbulos en la base. Sospechosa de toxicidad. No recomendada para consumo. Habita bajo frondosas del este de Norteamérica."
Amanita calyptroderma,comestible,"Cocora o coccora. Sombrero anaranjado-amarillo brillante, 10-20 cm, con volva blanca voluminosa. Muy apreciada en California. Puede confundirse con Amanita phalloides en estado joven. Solo para expertos."
Amanita citrina,no comestible,"Sombrero limón-verdoso pálido, 5-10 cm, con verrugas blancas aplanadas. Olor a patata cruda. No tóxica pero no comestible por su mal sabor. Contiene bufotenina. Confundible con A. phalloides."
Amanita flavoconia,no comestible,"Sombrero amarillo-anaranjado con verrugas amarillas, 3-8 cm. Pie con anillo y volva frágil amarillenta. Posiblemente tóxica, no recomendada. Común en bosques mixtos del este de Norteamérica."
Amanita muscaria,venenosa,"Matamoscas. Sombrero rojo brillante con verrugas blancas, 8-20 cm. Contiene muscimol e ibotánico (psicoactivos y tóxicos). Causa síndrome panterínico. Icónica culturalmente. NUNCA consumir."
Amanita pantherina,venenosa,"Falsa oronja. Sombrero pardo con verrugas blancas, 6-12 cm. Contiene muscimol e ibotánico en mayor concentración que A. muscaria. Síndrome panterínico grave. Confundible con A. rubescens. MUY PELIGROSA."
Amanita persicina,no comestible,"Amanita rosado-melocotón, sombrero 5-10 cm. Especie norteamericana poco estudiada. Toxicidad no completamente determinada. No recomendada para consumo por precaución. Habita en bosques del sureste de EE.UU."
Amanita phalloides,venenosa,"Oronja verde o cicuta verde. Sombrero verdoso-amarillento, 6-15 cm. Responsable del 90% de las muertes por intoxicación fúngica mundial. Contiene amatoxinas y falotoxinas. EXTREMADAMENTE PELIGROSA. Sin antídoto efectivo."
Amanita rubescens,comestible,"Amanita vinosa o granulosa. Sombrero grisáceo-parduzco, 6-15 cm, carne enrojece al corte y al roce. Comestible solo bien cocida (tóxica en crudo). Confundible con la peligrosa A. pantherina."
Amanita velosa,comestible,"Especie californiana, sombrero blanco a crema 6-14 cm, volva grande y lobulada, sin anillo. Comestible apreciada localmente. Riesgo de confusión con Amanita phalloides en estado joven. Solo para expertos identificados."
Apioperdon pyriforme,comestible,"Bejín en forma de pera (antes Lycoperdon pyriforme). Crece en densas agrupaciones sobre madera muerta, 2-5 cm. Comestible en estado joven cuando la gleba es blanca y firme. Sabor suave. Muy común."
Armillaria borealis,comestible,"Seta de miel boreal. Sombrero amarillo-miel con escamas marrón, 4-10 cm. Crece en grupos en la base de árboles. Comestible bien cocida; causa molestias gastrointestinales en crudo. Parásito y saprófito."
Armillaria mellea,comestible,"Seta de miel común. Sombrero miel con escamas oscuras, 5-15 cm. Crece en grandes grupos sobre madera. Comestible bien cocida. Uno de los organismos vivos más grandes conocidos (colonia en Oregon >8 km²). Parásito forestal."
Armillaria tabescens,comestible,"Seta de miel sin anillo. Similar a A. mellea pero carece de anillo en el pie. Sombrero 4-10 cm, miel-marrón. Comestible bien cocida. Crece en la base de frondosas, especialmente robles. Este y sur de EE.UU."
Artomyces pyxidatus,comestible,"Coral de puntas en copa. Hongo coraliforme blanco-amarillento con ramificaciones terminadas en coronas de 4-6 puntas, 5-12 cm altura. Comestible joven, sabor picante que desaparece con la cocción. Sobre madera."
Bjerkandera adusta,no comestible,"Políporo gris-ahumado. Fructificaciones en repisa, poros grises muy pequeños, superficie superior marrón-grisácea. Saprófito sobre madera de frondosas. No comestible por textura coriácea. Sin toxicidad conocida."
Bolbitius titubans,no comestible,"Sombrero amarillo brillante viscoso, 2-5 cm, que se expande y palidece con la edad. Láminas amarillo-oxidadas. Efímera, dura pocas horas. Crece sobre estiércol y suelos ricos. No comestible por tamaño y consistencia."
Boletus edulis,comestible,"Porcini o cep. Sombrero castaño liso, 8-25 cm. Pie robusto con retículo blanquecino. Tubos blancos que amarillean. Excelente comestible, aroma intenso y sabor inigualable. Simbionte de coníferas y frondosas. Muy apreciado en gastronomía."
Boletus pallidus,comestible,"Boleto pálido. Sombrero beige-blanquecino, 6-14 cm. Tubos y poros blancos que no azulean. Pie pálido con retículo fino. Comestible de calidad moderada. Habita bajo robles y frondosas. Este de Norteamérica."
Boletus reticulatus,comestible,"Boleto reticulado o cep de verano. Sombrero marrón-ocre opaco, 8-20 cm. Pie con retículo prominente en toda su extensión. Comestible excelente, similar a B. edulis pero de verano. Bajo robles y hayas europeos."
Boletus rex-veris,comestible,"Rey de los boletos o porcini de montaña. Sombrero marrón oscuro, 8-20 cm. Pie robusto rosado-marrón con retículo. Comestible excelente, igual o superior a B. edulis. Alta montaña bajo abetos y pinos. Muy apreciado."
Calocera viscosa,no comestible,"Cuerno de coral amarillo-anaranjado viscoso, 3-8 cm, ramificado en el ápice. Crece sobre madera de coníferas enterrada o en descomposición. No comestible por textura gelatinosa y sabor amargo. Sin toxicidad conocida."
Calycina citrina,no comestible,"Copa discomiceto amarillo limón brillante, 1-5 mm de diámetro. Crece en colonias densas sobre madera húmeda y corteza. Demasiado pequeña para tener valor culinario. Sin toxicidad relevante conocida."
Cantharellus californicus,comestible,"Rebozuelo gigante californiano. Sombrero naranja-amarillo, 8-30 cm, el más grande del género. Pliegues ramificados, aroma afrutado intenso. Excelente comestible. Exclusivo de California bajo robles. Muy valorado."
Cantharellus cibarius,comestible,"Rebozuelo o chantarela. Sombrero amarillo-naranja, 3-12 cm, margen ondulado, pliegues dicotómicos (no láminas). Aroma afrutado. Excelente comestible muy apreciado en gastronomía europea. Bajo frondosas y coníferas."
Cantharellus cinnabarinus,comestible,"Rebozuelo cinabrio. Totalmente rojo-naranja brillante, sombrero 2-5 cm. Pliegues ramificados del mismo color. Comestible de calidad moderada. Habita bajo frondosas del este de Norteamérica en verano. Muy llamativo."
Cerioporus squamosus,comestible,"Seta escamosa o lengua de buey. Sombrero en abanico crema con escamas marrones concéntricas, 10-50 cm. Poros grandes, pie excéntrico. Comestible solo muy joven y tierno; coriáceo con la edad. Sobre frondosas."
Cetraria islandica,no comestible,"Liquen islandés. Talo foliáceo-fruticuloso marrón-verdoso, 3-10 cm. Usado medicinalmente (bronquitis, digestivo). Comestible como alimento de supervivencia tras hervido prolongado. No seta, es liquen. Tóxico en crudo."
Chlorociboria aeruginascens,no comestible,"Copa verde-azulada minúscula, 1-5 mm. Tiñe la madera que coloniza de un verde-azul característico ('oak mosaic' en marquetería renacentista). Demasiado pequeña para consumo. Sin toxicidad conocida. Muy llamativa."
Chlorophyllum brunneum,no comestible,"Falsa parasol de jardín. Sombrero marrón con escamas, 8-20 cm, láminas verdes al madurar. Causa síntomas gastrointestinales severos. Confundible con Macrolepiota procera. Común en jardines y zonas urbanas."
Chlorophyllum molybdites,venenosa,"Seta verde-espora. Sombrero blanco con escamas marrones, 8-25 cm. Láminas que verdean con la madurez (característica diagnóstica). La intoxicación gastrointestinal más común en Norteamérica. Confundible con parasoles comestibles."
Chondrostereum purpureum,no comestible,"Corticiáceo violáceo. Fructificaciones en repisa o extendidas, superficie fértil violácea-lila, 2-8 cm. Parásito que causa la enfermedad del plomo en árboles frutales. No comestible. Sin toxicidad para humanos."
Cladonia fimbriata,no comestible,"Liquen fruticoide gris-verdoso con podeciones en forma de copa, 1-3 cm. Crece sobre suelos ácidos, tocones y musgos. No es seta, es liquen. Sin valor culinario ni toxicidad relevante para humanos."
Cladonia rangiferina,no comestible,"Musgo de reno o liquen de los renos. Liquen fruticoide gris-blanquecino muy ramificado, 5-12 cm. Alimento fundamental de renos y caribúes. No es seta. Usado en decoración. Sin toxicidad para humanos."
Cladonia stellaris,no comestible,"Liquen fruticoide gris-verdoso muy ramificado con aspecto globoso, 5-15 cm. Similar a C. rangiferina. Muy abundante en tundra y boreales. No es seta, es liquen. Usado como material de decoración floral."
Clitocybe nebularis,no comestible,"Seta nublada o nebulosa. Sombrero gris, 8-20 cm, higrófana, con olor fuerte harinoso-desagradable. Contiene nebularina (antibiótico tóxico). Causa intoxicaciones gastrointestinales. Antes considerada comestible. Evitar."
Clitocybe nuda,comestible,"Pie azul o seta violeta (= Lepista nuda). Sombrero lila-violáceo, 6-15 cm, que palidece con la edad. Láminas violáceas. Buen comestible tras cocción completa. Olor perfumado. Crece en hojarasca de bosques y jardines."
Coltricia perennis,no comestible,"Políporo zonado perenne. Sombrero en embudo concéntrico marrón-canela, 3-8 cm, con pie central. Superficie inferior con poros finos. Coriáceo, no comestible. Saprófito en suelos arenosos bajo coníferas."
Coprinellus disseminatus,no comestible,"Coprino diseminado. Sombrerillos grises acampanados de 0.5-1.5 cm en colonias de cientos sobre madera. Láminas que ennegrecen sin licuarse. Demasiado pequeño y frágil para consumo. Sin toxicidad significativa."
Coprinellus micaceus,no comestible,"Coprino micáceo. Sombrero ocráceo con brillos micáceos, 2-4 cm, en grupos densos. Láminas que se licuan (autólisis) al madurar. Teóricamente comestible muy joven pero sin valor culinario real. Sin toxicidad si se evita el alcohol."
Coprinopsis atramentaria,no comestible,"Coprino de tinta. Sombrero gris 4-8 cm, láminas que se licuan en tinta. Contiene coprina: provoca síndrome antabús grave si se combina con alcohol (hasta 72h después). No recomendada. Confundible con Coprinus comatus."
Coprinopsis lagopus,no comestible,"Coprino pata de liebre. Sombrero blanco-grisáceo con fibrillas, 1-3 cm, efímero (dura horas). Solitario sobre estiércol y tierra rica. Demasiado pequeño y efímero para consumo. Sin toxicidad conocida."
Coprinus comatus,comestible,"Seta de la tinta o coprino melenudo. Sombrero cilíndrico blanco con escamas, 5-15 cm. Comestible excelente solo muy joven, antes de que las láminas empiecen a ennegrecerse. Rápida autólisis. Muy sabrosa."
Crucibulum laeve,no comestible,"Nido de pájaro liso. Cuerpo fructífero en forma de cubilete marrón-amarillento, 6-10 mm, con peridiolos (huevecillos) grises. Dispersión de esporas por salpicadura de lluvia. Demasiado pequeño para consumo."
Cryptoporus volvatus,no comestible,"Políporo criptoporo. Fructificación globosa beige-marrón, 3-8 cm, con una pequeña abertura oculta bajo un velo. Sobre coníferas muertas. No comestible por textura coriácea. Aloja colonias de insectos."
Daedaleopsis confragosa,no comestible,"Políporo de poros laberínticos rosados. Sombrero en repisa marrón-grisáceo, 5-15 cm, poros que se alargan en láminas irregulares. Se enrojece al roce. Coriáceo, no comestible. Sobre sauces y abedules."
Daedaleopsis tricolor,no comestible,"Políporo tricolor. Sombrero en repisa con zonas concéntricas marrón-rojizo-grisáceo, 3-10 cm. Poros laberínticos. Coriáceo y leñoso, sin valor culinario. Saprófito sobre frondosas. Europa y Asia."
Entoloma abortivum,comestible,"Entoloma abortado. Produce dos formas: la normal (sombrero gris 4-10 cm, tóxica) y la forma abortada por Armillaria (masa blanca irregular, comestible). Solo la forma abortada es comestible. Este de Norteamérica."
Evernia mesomorpha,no comestible,"Liquen fruticoide verdoso-amarillento, ramificado, 3-8 cm. Crece sobre corteza de coníferas en bosques boreales. No es seta, es liquen. Usado en perfumería como fijador (musgo de roble). Sin toxicidad para humanos."
Evernia prunastri,no comestible,"Musgo de roble. Liquen foliáceo-fruticuloso gris-verdoso, 3-8 cm. Usado ampliamente en perfumería como fijador. No es seta, es liquen. Puede causar dermatitis de contacto. Sin toxicidad oral significativa."
Flammulina velutipes,comestible,"Enokitake o seta de terciopelo. Sombrero marrón-miel viscoso, 2-8 cm, pie aterciopelado oscuro. Crece en invierno sobre madera. Muy cultivada en Asia (forma blanca). Buen comestible, sabor suave. Antioxidante."
Fomes fomentarius,no comestible,"Yesca o pie de caballo. Fructificación en pezuña gris-marrón, 10-40 cm, muy dura. Usada históricamente para encender fuego (yesca) y como hemostático. No comestible. Parásito de hayas y abedules."
Fomitopsis betulina,no comestible,"Políporo del abedul (= Piptoporus betulinus). Sombrero globoso-reniforme crema-marrón, 10-30 cm. Parásito del abedul. Usado como yesca, antimicrobiano y antiparasitario. Llevado por Ötzi el hombre del hielo. No comestible."
Fomitopsis mounceae,no comestible,"Políporo rosado norteamericano (antes parte de F. pinicola). Fructificación en repisa con borde rosado-anaranjado, 10-30 cm. Parásito de coníferas norteamericanas. Coriáceo, no comestible. Causa podredumbre cúbica."
Fomitopsis pinicola,no comestible,"Políporo rojo de borde. Fructificación en repisa con borde anaranjado-rojizo vivo, 10-40 cm. Parásito y saprófito de coníferas. Muy duro y coriáceo, no comestible. Causa podredumbre parda cúbica. Muy común."
Galerina marginata,venenosa,"Sombrero amarillo-marrón, 1-4 cm, con anillo frágil. Crece en grupos sobre madera en descomposición. Contiene amatoxinas igual que Amanita phalloides. La intoxicación más común por confusión con Kuehneromyces mutabilis. MORTAL."
Ganoderma applanatum,no comestible,"Oreja de oso o yesca plana. Fructificación en repisa marrón-grisácea, 20-60 cm, poros blancos que ennegrecen al roce. Muy dura y leñosa, no comestible. Usada en medicina tradicional. Parásito de frondosas."
Ganoderma curtisii,no comestible,"Reishi norteamericano de pie. Sombrero lacado rojo-caoba brillante, 5-20 cm, con pie lateral. Muy usado en medicina tradicional asiática (adaptógeno). No comestible por textura leñosa. Sobre frondosas del este de EE.UU."
Ganoderma oregonense,no comestible,"Reishi gigante del noroeste. Fructificación lacada rojo-caoba, 20-60 cm. La especie de Ganoderma más grande de Norteamérica. Muy dura, no comestible. Parásito de coníferas. Usada en medicina complementaria."
Ganoderma tsugae,no comestible,"Reishi de la cicuta. Sombrero lacado rojo brillante con borde blanco, 5-30 cm. Crece exclusivamente sobre cicuta (Tsuga). No comestible por textura leñosa. Ampliamente usada en fitoterapia. Noreste de EE.UU."
Gliophorus psittacinus,no comestible,"Hygrophorus papagayo. Sombrero viscoso de colores variables (verde, amarillo, rosa, naranja), 2-4 cm. Una de las setas más coloridas. No comestible por textura viscosa y tamaño. Sin toxicidad conocida. En praderas."
Gloeophyllum sepiarium,no comestible,"Políporo de las vallas. Fructificación en repisa marrón-oxidado con láminas irregulares, 5-15 cm. Causa podredumbre parda de madera de conífera. Muy resistente. Coriáceo, no comestible. Común en madera tratada y vallas."
Graphis scripta,no comestible,"Liquen crustáceo con apotecios alargados en la corteza como escritura antigua, 5-20 cm extensión. Crece sobre corteza lisa de frondosas. No es seta, es liquen. Sin valor culinario ni toxicidad conocida."
Grifola frondosa,comestible,"Maitake o seta bailarina. Múltiples sombreros grises superpuestos formando una masa de 20-60 cm. Excelente comestible con propiedades medicinales estudiadas (inmunomodulador, antitumoral). Bajo robles. Muy valorado."
Gymnopilus luteofolius,no comestible,"Sombrero amarillo-naranja con escamas rojizas, 4-10 cm, láminas amarillas. Contiene psilocibina y otros compuestos psicoactivos. No comestible, psicoactiva. Sabor muy amargo. Crece en grupos sobre madera."
Gyromitra esculenta,venenosa,"Falsa colmenilla. Sombrero cerebriforme marrón oscuro, 5-15 cm. Contiene giromitrina que se convierte en monometilhidrazina (tóxico). Peligrosa incluso tras cocción. Varios casos mortales documentados. EVITAR."
Gyromitra gigas,no comestible,"Falsa colmenilla gigante. Sombrero cerebriforme blanquecino-amarillento, 10-25 cm, el más grande del género. Contiene niveles bajos de giromitrina. Considerada comestible en algunas regiones tras tratamiento, pero riesgo real. Evitar."
Gyromitra infula,venenosa,"Mitra de obispo. Sombrero en forma de silla de montar marrón-rojizo, 5-12 cm. Contiene giromitrina. Tóxica en crudo y potencialmente peligrosa incluso cocida. Confundible con Helvella. No consumir."
Hericium coralloides,comestible,"Hericium coraliforme. Masa blanca con espinas colgantes ramificada en coral, 10-30 cm. Excelente comestible de sabor suave a marisco. Sobre madera de frondosas muertas. Especie protegida en varios países europeos."
Hericium erinaceus,comestible,"Melena de león o cabeza de mono. Masa globosa blanca con espinas colgantes largas, 10-30 cm. Excelente comestible con propiedades neuroprotectoras estudiadas. Sobre heridas de frondosas. Muy cultivada en Asia."
Hygrophoropsis aurantiaca,no comestible,"Falso rebozuelo. Sombrero naranja brillante, 3-8 cm, con láminas densas y forked de verdadero naranja. Causa trastornos gastrointestinales y neurológicos leves. Confundible con Cantharellus cibarius. No comestible."
Hypholoma fasciculare,venenosa,"Hifoloma sulfureo o seta en racimo amarilla. Sombrero amarillo-azufre con centro pardo, 2-7 cm, en densos racimos sobre madera. Muy amarga. Contiene fasciculol (tóxico nervioso). Causa intoxicaciones graves. Muy común."
Hypholoma lateritium,comestible,"Hifoloma ladrillo. Sombrero rojo-ladrillo, 4-8 cm, en racimos sobre tocones. A diferencia de H. fasciculare, es comestible (sin amargor). Requiere cocción. Confundible con el tóxico H. fasciculare. Solo para expertos."
Hypogymnia physodes,no comestible,"Liquen foliáceo inflado gris-verdoso con lóbulos huecos, 3-8 cm. Muy sensible a la contaminación atmosférica (bioindicador). No es seta, es liquen. Usado en investigación ambiental. Sin toxicidad conocida."
Hypomyces lactifluorum,comestible,"Langosta de mar. Parásito anaranjado-rojo brillante que recubre y deforma setas del género Russula y Lactarius. La seta hospedadora queda encapsulada. Excelente comestible, sabor a marisco. Muy valorado en Norteamérica."
Imleria badia,comestible,"Boleto bayo. Sombrero marrón-castaño, 5-12 cm. Tubos que azulean débilmente al corte. Comestible de buena calidad, menos apreciado que B. edulis. Muy común bajo coníferas. Acumula cesio radiactivo en zonas contaminadas."
Inonotus obliquus,no comestible,"Chaga. Masa estéril negra y rugosa (esclerocio) sobre abedules, 10-40 cm. El cuerpo fructífero verdadero es raro. No comestible pero ampliamente usado en medicina tradicional rusa y asiática. Antioxidante potente."
Ischnoderma resinosum,no comestible,"Políporo resinoso. Sombrero en repisa marrón oscuro con borde blanco, exuda gotas resinosas, 10-30 cm. Olor anisado agradable. Coriáceo, no comestible en adulto; teóricamente comestible muy joven. Sobre frondosas."
Kuehneromyces mutabilis,comestible,"Seta de pie de palo o buen enoki. Sombrero miel bicolor (más oscuro en el centro húmedo), 3-8 cm, pie escamoso con anillo. Buen comestible en racimos sobre madera. PELIGROSA confusión con Galerina marginata (mortal)."
Laccaria ochropurpurea,comestible,"Laccaria púrpura. Sombrero marrón-violáceo, 5-15 cm, láminas violáceas gruesas bien espaciadas. Comestible de calidad moderada. Habita bajo frondosas del este de Norteamérica. La especie más grande del género."
Lactarius deliciosus,comestible,"Níscalo o rovellón. Sombrero naranja con zonas verdosas, látex color zanahoria, 5-15 cm. Láminas y pie naranjas. Excelente comestible muy apreciado en España. A la plancha o con arroz. Simbionte de pinos."
Lactarius torminosus,venenosa,"Lactario lanudo. Sombrero rosa-salmón con margen velloso enrollado, 5-12 cm. Látex blanco muy acre. Causa cólicos intensos (torminosus = que provoca cólicos). Tóxica en crudo; solo comestible tras salazón prolongada en países nórdicos."
Lactarius turpis,no comestible,"Lactario oscuro o repugnante. Sombrero verde oliva-negruzco viscoso, 6-20 cm. Látex blanco acre. Muy amargo. Contiene compuestos mutagénicos. No recomendado aunque es consumido en Finlandia tras hervido y salazón."
Laetiporus sulphureus,comestible,"Pollo de bosque o lengua de buey azufrada. Masa de sombreros superpuestos naranja-azufre brillante, 20-60 cm. Excelente comestible solo muy joven y tierno. Con la edad se vuelve amargo y coriáceo. Sobre frondosas."
Leccinum albostipitatum,comestible,"Boleto de pie blanco. Sombrero naranja-rojizo, 6-15 cm, pie blanco con escamas blancas que ennegrecen. Carne azulea y ennegrece al corte. Comestible bien cocido. Simbionte de álamos temblones. Norteamérica."
Leccinum aurantiacum,comestible,"Boleto de pie rojo. Sombrero naranja-rojo, 6-18 cm, pie con escamas rojizas. Carne ennegrece espectacularmente al corte. Comestible bien cocido. Algunos casos de intolerancia. Simbionte de álamos y chopos."
Leccinum scabrum,comestible,"Boleto áspero o boleto del abedul. Sombrero marrón grisáceo, 5-15 cm, pie con escamas negras. Carne no cambia de color. Comestible de calidad media, algo blando. Simbionte exclusivo de abedules. Muy común."
Leccinum versipelle,comestible,"Boleto de pie escamoso anaranjado. Sombrero naranja brillante, 8-20 cm, pie con escamas grises-negras. Carne azulea violácea al corte. Comestible bien cocido. Simbionte de abedules y álamos. Norte de Europa."
Lepista nuda,comestible,"Pie azul o seta violeta. Sombrero lila-violáceo 6-15 cm, que palidece con edad. Láminas violáceas, olor perfumado. Buen comestible tras cocción. Crece en anillos de hadas en hojarasca de bosques y jardines. Muy común en otoño."
Leratiomyces ceres,no comestible,"Sombrero rojo-escarlata brillante con escamas blanquecinas, 2-6 cm. Láminas blanquecinas. Crece sobre astillas de madera y mantillo de jardín. Puede causar trastornos gastrointestinales. No recomendada. Introducida en muchos países."
Leucoagaricus americanus,no comestible,"Sombrero blanco-rojizo con escamas rosadas, 6-15 cm, enrojece al roce. Láminas blancas libres. Causa trastornos gastrointestinales en algunas personas. No recomendada para consumo. Crece en zonas urbanas y jardines."
Leucoagaricus leucothites,no comestible,"Sombrero blanco liso, 5-10 cm, láminas blancas libres, anillo presente. Muy confundible con Agaricus campestris (comestible) o con Amanita phalloides joven. No recomendada; algunas personas sufren intoxicación gastrointestinal."
Lobaria pulmonaria,no comestible,"Liquen pulmonaria. Talo foliáceo verde (húmedo) o marrón (seco) con textura similar a un pulmón, 10-30 cm. Indicador de bosques maduros no contaminados. No es seta, es liquen. Usado medicinalmente. Protegido en Europa."
Lycogala epidendrum,no comestible,"Lobo rosa o baba de lobo. Mixomiceto (no es hongo verdadero) que forma esporangios globosos rosados-grises de 0.5-1.5 cm sobre madera. La masa interna rosada madura a polvillo marrón. Sin valor culinario."
Lycoperdon perlatum,comestible,"Bejín verrugoso o pedo de lobo común. Esferocárpico blanco con espinas que dejan cicatriz reticulada, 3-6 cm. Comestible joven cuando la gleba es blanca y firme. Sabor suave. El más común de los bejines. Muy cosmopolita."
Lycoperdon pyriforme,comestible,"Bejín en forma de pera. Fructificaciones piriformes marrón-blanquecinas en densos grupos sobre madera, 2-5 cm. Comestible joven cuando la gleba es blanca. Único bejín que crece directamente sobre madera. Muy común."
Macrolepiota procera,comestible,"Parasol o galamperna. Sombrero 15-30 cm con escamas pardas sobre fondo blanco, pie con anillo doble móvil y moteado. Excelente comestible (sombrero). No confundir con Lepiota brunneoincarnata (tóxica mortal) ni con Chlorophyllum."
Merulius tremellosus,no comestible,"Corticiáceo gelatinoso-ondulado. Fructificaciones en repisa naranja-rosada gelatinosa con pliegues irregulares, 3-15 cm. Saprófito sobre madera de frondosas. No comestible por textura gelatinosa y sabor. Sin toxicidad conocida."
Mutinus ravenelii,no comestible,"Falo de Ravenel. Hongo fálico rojo-rosado, 8-15 cm, con gleba olivácea maloliente en el ápice para atraer insectos. Sale de un huevo blanco. No comestible (excepto el huevo antes de expandirse, teóricamente). Olor fétido."
Mycena haematopus,no comestible,"Mycena sangre. Sombrero campanulado marrón-grisáceo, 1-3 cm, pie que exuda látex rojo sangre al romperse. En grupos sobre madera de frondosas. Sin toxicidad significativa pero demasiado pequeña y frágil para consumo."
Mycena leaiana,no comestible,"Mycena naranja de Lea. Sombrero naranja brillante viscoso, 1-3 cm, láminas con filo anaranjado-rojizo. En grupos densos y llamativos sobre madera de frondosas. Demasiado pequeña para consumo. Sin toxicidad conocida."
Nectria cinnabarina,no comestible,"Hongo coral cinabrio. Esporodoquios y peritecios rojo-naranja esféricos de 0.5-2 mm en grupos sobre madera muerta. Parásito y saprófito de frondosas. Demasiado pequeño para consumo. Sin toxicidad significativa."
Omphalotus illudens,venenosa,"Jack-o-lantern del este. Sombrero naranja, 8-20 cm, en grandes grupos al pie de robles. Bioluminiscente (brilla en la oscuridad). Contiene illudina (tóxico). Causa intoxicación gastrointestinal grave. Confundible con rebozuelos."
Omphalotus olivascens,venenosa,"Jack-o-lantern californiano. Sombrero naranja-oliváceo, 8-20 cm, láminas que bioluminiscen. Contiene illudina. Causa vómitos y diarrea severos. Crece en grupos al pie de frondosas. Confundible con Cantharellus californicus."
Panaeolus papilionaceus,no comestible,"Sombrero campanulado gris con margen festoneado de restos de velo, 2-4 cm. Sobre estiércol y pastos abonados. Puede contener pequeñas cantidades de psilocibina según la localidad. No comestible, efectos impredecibles."
Panellus stipticus,no comestible,"Panelo astringente. Sombrero pequeño reniforme crema-ocre, 1-3 cm, sobre madera de frondosas. Bioluminiscente (una de las pocas setas que brillan en la oscuridad). Muy amargo y astringente. No comestible."
Parmelia sulcata,no comestible,"Liquen foliáceo gris-verdoso con red de crestas en la superficie superior, 5-15 cm. Muy común sobre corteza y rocas. No es seta, es liquen. Bioindicador de calidad del aire. Sin toxicidad conocida para humanos."
Paxillus involutus,venenosa,"Paxilo enrollado o negrilla. Sombrero marrón con margen enrollado, 6-20 cm. Láminas que ennegrecen al roce. Provoca anemia hemolítica autoinmune acumulativa (puede ser mortal tras consumo repetido). PELIGROSO. No consumir."
Peltigera aphthosa,no comestible,"Liquen foliáceo verde (húmedo) con cefalodios oscuros en la superficie superior, 5-20 cm. Crece sobre suelos húmedos y musgos. No es seta, es liquen. Fija nitrógeno atmosférico. Sin toxicidad conocida."
Peltigera praetextata,no comestible,"Liquen foliáceo marrón-grisáceo con rizinas en la cara inferior, 5-20 cm. Crece sobre suelos, musgos y base de árboles. No es seta, es liquen. Ecológicamente importante como fijador de nitrógeno. Sin toxicidad."
Phaeolus schweinitzii,no comestible,"Políporo de la base del pino. Masa multilobulada amarillo-verdosa a marrón oxidado, 20-60 cm. Parásito grave de coníferas (podredumbre cúbica de la raíz). No comestible, muy amargo. Puede matar árboles maduros."
Phaeophyscia orbicularis,no comestible,"Liquen foliáceo gris-marrón muy pequeño (1-3 cm) con soredios en los márgenes. Crece sobre corteza, rocas y superficies artificiales en zonas urbanas. No es seta, es liquen. Tolerante a la contaminación."
Phallus impudicus,no comestible,"Falo hediondo o falo impúdico. Sale de huevo blanco (comestible en ese estado); el esporoforo fálico de 10-20 cm produce una gleba verde-olivácea fétida que atrae moscas. El huevo es comestible. Olor desagradable intenso."
Phellinus igniarius,no comestible,"Yesca del sauce. Fructificación en pezuña gris-negra muy dura, 10-30 cm. Parásito grave de frondosas, especialmente sauces y manzanos (pudrición blanca del corazón). No comestible. Usado como yesca e incienso."
Phellinus tremulae,no comestible,"Yesca del álamo. Fructificación en pezuña o repisa gris oscura, 5-20 cm. Parásito casi exclusivo del álamo temblón (Populus tremula). Causa podredumbre blanca del corazón. No comestible. Importante en ecología forestal."
Phlebia radiata,no comestible,"Corticiáceo radiado. Fructificación extendida sobre madera con pliegues y verrugas rosadas-naranjas que irradian desde el centro, 5-20 cm. Saprófito de frondosas. No comestible. Sin toxicidad conocida."
Phlebia tremellosa,no comestible,"Corticiáceo gelatinoso. Fructificaciones en repisa o extendidas, gelatinosas, blanco-rosadas con superficie irregular, 3-15 cm. Saprófito de frondosas muertas. No comestible por textura. Sin toxicidad conocida."
Pholiota aurivella,no comestible,"Foliota dorada. Sombrero dorado-anaranjado viscoso con escamas leonadas, 6-15 cm, en grupos sobre frondosas. Causa trastornos gastrointestinales. Antes consumida en Europa del Este, ahora desaconsejada. Olor desagradable."
Pholiota squarrosa,no comestible,"Foliota escamosa. Sombrero amarillo-ocre cubierto de escamas erectas puntiagudas secas, 4-12 cm, en grupos densos sobre frondosas. Muy amarga. Causa intoxicación gastrointestinal. No comestible. Olor desagradable a ajo rancio."
Phyllotopsis nidulans,no comestible,"Sombrero en forma de riñón amarillo-anaranjado aterciopelado, 3-8 cm, láminas amarillas densas. Olor muy desagradable a col fermentada o skunk. Sobre madera de frondosas y coníferas. No comestible por olor y sabor."
Physcia adscendens,no comestible,"Liquen foliáceo gris con lóbulos con soredios en el ápice en forma de capucha, 1-3 cm. Crece sobre corteza y rocas en zonas urbanas. No es seta, es liquen. Tolerante a la contaminación. Sin toxicidad conocida."
Platismatia glauca,no comestible,"Liquen foliáceo gris-azulado con márgenes crespos y sorediados, 5-12 cm. Crece sobre corteza de coníferas y frondosas en zonas húmedas. No es seta, es liquen. Sensible a la contaminación por SO₂. Sin toxicidad."
Pleurotus ostreatus,comestible,"Seta de ostra. Sombrero gris-azulado a beige en abanico, 5-25 cm, láminas decurrentes blancas. Muy cultivada comercialmente. Excelente comestible, sabor suave y textura carnosa. Propiedades medicinales estudiadas."
Pleurotus pulmonarius,comestible,"Ostra de verano o seta de haya. Similar a P. ostreatus pero más pálida (blanco-crema) y de verano. Sombrero 4-15 cm. Excelente comestible. Muy cultivada. Más tolerante al calor que P. ostreatus. Crece sobre frondosas."
Psathyrella candolleana,no comestible,"Psatirela de Candolle. Sombrero frágil beige-blanquecino higrofano, 3-8 cm, con restos de velo en el margen. En grupos sobre madera enterrada de frondosas. Posiblemente comestible pero muy frágil y sin valor culinario real."
Pseudevernia furfuracea,no comestible,"Liquen fruticoide gris-verdoso con superficie inferior marrón, 4-10 cm. Muy usado en perfumería (musgo de árbol). No es seta, es liquen. Puede causar dermatitis de contacto. Sin toxicidad oral. Crece sobre coníferas."
Pseudohydnum gelatinosum,comestible,"Lengua de gato o hidno gelatinoso. Sombrero gelatinoso translúcido blanco-grisáceo con espinas blandas, 2-8 cm. Comestible insípido, textura gelatinosa curiosa. Sobre madera de coníferas en descomposición. Rara pero inconfundible."
Psilocybe azurescens,no comestible,"La psilocibina más potente conocida. Sombrero cónico-umbonado marrón caramelo que azulea fuertemente, 3-10 cm. Contiene hasta 1.8% de psilocibina. Psicoactiva. Sustancia controlada en la mayoría de países. No consumir sin supervisión médica."
Psilocybe caerulescens,no comestible,"Derrumbe o landslide mushroom. Sombrero marrón-oliváceo, 2-7 cm, azulea al roce. Usada en rituales mazatecos (María Sabina). Contiene psilocibina. Sustancia controlada. No consumir sin supervisión médica."
Psilocybe cubensis,no comestible,"Seta mágica o golden teacher. Sombrero dorado-caramelo, 1.5-8 cm, azulea intensamente. La especie psicoactiva más cultivada y conocida mundialmente. Contiene psilocibina y psilocina. Sustancia controlada en la mayoría de países."
Psilocybe cyanescens,no comestible,"Wavy cap. Sombrero ondulado marrón que azulea intensamente, 1.5-5 cm. Muy potente. Crece sobre astillas de madera en zonas urbanas y jardines. Contiene alta concentración de psilocibina. Sustancia controlada."
Psilocybe ovoideocystidiata,no comestible,"Psilocybe del río. Sombrero blanquecino-marrón claro, 1-4 cm, azulea al roce. Crece sobre madera en riberas de ríos. Contiene psilocibina y baeocistina. Psicoactiva. Sustancia controlada. Este de EE.UU."
Psilocybe pelliculosa,no comestible,"Sombrero cónico pequeño marrón-grisáceo con cutícula pelable, 1-2.5 cm, azulea débilmente. Contiene pequeñas cantidades de psilocibina. Psicoactiva débil. Sustancia controlada. Noroeste de EE.UU. bajo coníferas."
Retiboletus ornatipes,comestible,"Boleto de pie ornado. Sombrero gris-amarillento, 5-15 cm. Pie amarillo vivo con retículo prominente. Tubos y poros amarillos que no azulean. Comestible, aunque amargo si no se cocina bien. Bajo frondosas de este de Norteamérica."
Rhytisma acerinum,no comestible,"Mancha de brea del arce. Produce manchas negras circulares de 1-2 cm sobre hojas de arce (estromas). Parásito foliar cosmético, raramente mata el árbol. No es seta sensu stricto. Sin valor culinario ni toxicidad."
Sarcomyxa serotina,comestible,"Seta tardía u ostra de invierno (= Panellus serotinus). Sombrero verde-oliváceo a marrón viscoso, 5-12 cm. Crece en otoño-invierno sobre madera. Comestible de calidad moderada. Sabor suave. Requiere cocción."
Sarcoscypha austriaca,no comestible,"Copa escarlata austriaca. Copa profunda rojo brillante, 2-8 cm, exterior blanquecino lanoso. Una de las primeras setas del año (invierno-primavera). No comestible por textura coriácea y sabor insípido. Sobre madera enterrada."
Sarcosoma globosum,no comestible,"Sarcosoma globoso. Copa globosa negra-gelatinosa llena de líquido, 4-10 cm. Espectacular. Crece bajo coníferas en primavera temprana. Considerada indicadora de bosques maduros. No comestible. Protegida en varios países nórdicos."
Schizophyllum commune,no comestible,"Seta de las mil láminas. Sombrero blanquecino lobulado, 1-4 cm, láminas que se dividen longitudinalmente. La especie con más tipos sexuales conocidos (>23,000). Saprofita universal. Puede causar infecciones oportunistas. No comestible."
Stereum hirsutum,no comestible,"Corteza falsa hirsuta. Fructificación en repisa o extendida, superficie superior amarillo-naranja zonada y peluda, 2-8 cm. Muy común sobre madera de frondosas. Coriácea, no comestible. Sin toxicidad conocida."
Stereum ostrea,no comestible,"Corteza de ostra falsa. Fructificación en repisa con zonas concéntricas multicolores (marrón, naranja, crema), 3-10 cm. Muy llamativa. Sobre madera de frondosas. Coriácea, no comestible. Sin toxicidad conocida."
Stropharia aeruginosa,no comestible,"Estrofa verde-azulada. Sombrero verde-azulado viscoso con escamas blancas, 3-8 cm. Muy llamativo. Puede causar ligeras molestias gastrointestinales. No recomendada para consumo. En bosques sobre tierra y hojarasca."
Stropharia ambigua,no comestible,"Sombrero amarillo-pajizo viscoso con escamas blancas colgantes en el margen, 5-15 cm. Láminas grises. Sin toxicidad conocida documentada pero no recomendada para consumo. Bajo coníferas en el noroeste de EE.UU."
Suillus americanus,comestible,"Suilus americano o baboso del pino weymouth. Sombrero amarillo con manchas rojas viscoso, 4-10 cm. Simbionte estricto de Pinus strobus. Comestible tras retirar cutícula viscosa. Calidad moderada. Este de Norteamérica."
Suillus granulatus,comestible,"Suilus granulado o baboso granuloso. Sombrero marrón-canela viscoso, 4-12 cm, pie con gránulos amarillentos sin anillo. Comestible tras retirar la cutícula, sabor agradable. Simbionte de pinos de dos hojas. Muy común."
Suillus grevillei,comestible,"Suilus de Greville o baboso del alerce. Sombrero naranja-dorado viscoso brillante, 4-12 cm, con anillo membranoso. Comestible tras retirar cutícula. Simbionte exclusivo de alerces (Larix). Sabor moderado. Europa y Norteamérica."
Suillus luteus,comestible,"Suilus luteo o baboso amarillo. Sombrero marrón viscoso, 5-12 cm, con anillo membranoso violáceo-marrón. Comestible tras retirar cutícula viscosa. Simbionte de pinos. El más común del género en Europa. Calidad moderada."
Suillus spraguei,comestible,"Suilus pintado o baboso de dos pinos. Sombrero seco rojo-rosado con escamas fibrosas, 5-12 cm. Inusual en el género por carecer de cutícula viscosa. Comestible de calidad moderada. Simbionte de pinos de cinco hojas. EE.UU."
Tapinella atrotomentosa,no comestible,"Sombrero marrón aterciopelado seco, 6-20 cm, pie excéntrico marrón-negruzco aterciopelado. Muy amarga. Contiene atromentin (antifúngico). No comestible por amargor intenso. Sobre tocones de coníferas. Sin toxicidad conocida."
Trametes betulina,no comestible,"Políporo del abedul (= Lenzites betulina). Sombrero en repisa grisáceo zonado, poros que se transforman en láminas en la parte interna, 5-15 cm. Sobre madera muerta de frondosas. Coriáceo, no comestible."
Trametes gibbosa,no comestible,"Políporo giboso. Sombrero en repisa blanco-grisáceo con joroba característica, 10-30 cm, poros alargados. A veces colonizado por algas verdes. Sobre frondosas muertas. Coriáceo, no comestible. Sin toxicidad conocida."
Trametes hirsuta,no comestible,"Políporo hirsuto. Sombrero en repisa gris con pelos grises densos, 5-15 cm, poros pequeños blancos. Muy común sobre frondosas muertas. Coriáceo, no comestible. Causa podredumbre blanca. Sin toxicidad conocida."
Trametes ochracea,no comestible,"Políporo ocre. Sombrero en repisa con zonas concéntricas beige-ocre, 5-12 cm. Similar a T. versicolor pero sin colores brillantes. Sobre frondosas muertas. Coriáceo, no comestible. Sin toxicidad conocida."
Trametes versicolor,no comestible,"Cola de pavo o coriolus. Sombrero en repisa con zonas concéntricas multicolores muy vistosas, 3-10 cm. Muy estudiada por su polisacárido PSK (inmunomodulador). No comestible (duro) pero usado en suplementos. Muy común."
Tremella mesenterica,comestible,"Cerebro de bruja o gelatina amarilla. Masa gelatinosa amarillo-naranja lobulada, 2-10 cm, sobre madera de frondosas. Comestible insípida con textura gelatinosa curiosa. Usada en cocina asiática. Parásito de hongos corticiáceos."
Trichaptum biforme,no comestible,"Políporo violáceo. Sombrero en repisa grisáceo con borde violáceo (en fresco), 3-10 cm, poros que se alargan en dientes. Sobre frondosas muertas, especialmente abedul. Coriáceo, no comestible. Sin toxicidad conocida."
Tricholoma murrillianum,comestible,"Matsutake del Pacífico. Sombrero blanco con fibras marrones, 8-20 cm, pie macizo, anillo algodonoso. Aroma especiado intensísimo muy apreciado en Japón (matsutake). Excelente y carísimo. Simbionte de pinos del noroeste."
Tricholomopsis rutilans,no comestible,"Tricoloma escarlata. Sombrero amarillo cubierto de escamas rojo-vinosas, 5-12 cm, láminas amarillas. Muy amarga. No comestible por sabor. Crece sobre tocones y madera de coníferas. Sin toxicidad conocida."
Tylopilus felleus,no comestible,"Boleto amargo o hiel. Sombrero marrón 6-20 cm, pie con retículo oscuro sobre fondo crema, tubos que rosean al madurar. Extremadamente amargo (lo más pequeño arruina un plato). No tóxico pero no comestible. Confundible con Boletus edulis."
Tylopilus rubrobrunneus,no comestible,"Boleto rojo-marrón amargo. Sombrero rojo-vino a marrón oscuro, 6-15 cm, tubos y poros rosados-rojizos. Muy amargo. No comestible. Habita bajo frondosas del este de Norteamérica en verano-otoño."
Urnula craterium,no comestible,"Copa del diablo o urna de Craterio. Copa negra profunda en forma de urna, 3-8 cm, sobre madera enterrada de frondosas en primavera temprana. No comestible por textura coriácea. Visualmente impactante. Sin toxicidad conocida."
Verpa bohemica,no comestible,"Verpa bohemia o falsa colmenilla arrugada. Sombrero cerebriforme marrón unido al pie solo en el ápice, 2-5 cm. Contiene giromitrina en bajas concentraciones. Consumida en algunos países con precaución, pero no recomendada."
Volvopluteus gloiocephalus,no comestible,"Pluteo viscoso. Sombrero gris-blanquecino viscoso, 6-15 cm, láminas libres que rosean, volva bien desarrollada. Puede confundirse con Amanita spp. por la volva. Posiblemente tóxica en algunas personas. No recomendada."
Vulpicida pinastri,no comestible,"Liquen fruticoide amarillo-verdoso con polvillo soredial amarillo intenso, 2-6 cm. Crece sobre corteza de coníferas. No es seta, es liquen. Contiene ácido vulpínico (tóxico para mamíferos). Usada como veneno para zorros históricamente."
Xanthoria parietina,no comestible,"Liquen foliáceo naranja brillante con apotecios naranjas, 2-8 cm. Muy común sobre rocas, tejas y corteza en zonas urbanas costeras. No es seta, es liquen. Nitrofilico (indicador de contaminación por nitrógeno). Sin toxicidad oral."